-- This script seeds the database with initial data for testing purposes.
-- USERS
INSERT INTO users (user_id, first_name, last_name, email, password_hash, phone_number, role)
VALUES
  ('00000000-0000-0000-0000-000000000001', 'Alice', 'Johnson', 'alice.johnson@gmail.com', 'hashed_pw_1', '1234567890', 'guest'),
  ('00000000-0000-0000-0000-000000000002', 'Bob', 'Smith', 'bob.smith@outlook.com', 'hashed_pw_2', '2345678901', 'host'),
  ('00000000-0000-0000-0000-000000000003', 'Cynthia', 'Lee', 'cynthia.lee@yahoo.com', 'hashed_pw_3', '3456789012', 'admin'),
  ('00000000-0000-0000-0000-000000000004', 'David', 'Brown', 'david.brown@protonmail.com', 'hashed_pw_4', '4567890123', 'guest'),
  ('00000000-0000-0000-0000-000000000005', 'Ella', 'Green', 'ella.green@icloud.com', 'hashed_pw_5', '5678901234', 'host'),
  ('00000000-0000-0000-0000-000000000006', 'Frank', 'White', 'frank.white@gmail.com', 'hashed_pw_6', '6789012345', 'guest'),
  ('00000000-0000-0000-0000-000000000007', 'Grace', 'Kim', 'grace.kim@outlook.com', 'hashed_pw_7', '7890123456', 'host'),
  ('00000000-0000-0000-0000-000000000008', 'Hassan', 'Ali', 'hassan.ali@yahoo.com', 'hashed_pw_8', '8901234567', 'guest'),
  ('00000000-0000-0000-0000-000000000009', 'Ivy', 'Scott', 'ivy.scott@gmail.com', 'hashed_pw_9', '9012345678', 'host'),
  ('00000000-0000-0000-0000-000000000010', 'Jake', 'Nguyen', 'jake.nguyen@icloud.com', 'hashed_pw_10', '0123456789', 'guest');

-- PROPERTIES
INSERT INTO properties (property_id, host_id, name, description, location, pricepernight)
VALUES
  ('11111111-1111-1111-1111-111111111101', '00000000-0000-0000-0000-000000000002', 'Seaside Villa', 'Oceanfront home with pool.', 'Cape Town', 250),
  ('11111111-1111-1111-1111-111111111102', '00000000-0000-0000-0000-000000000005', 'Modern Loft', 'Open-plan city loft.', 'Accra', 150),
  ('11111111-1111-1111-1111-111111111103', '00000000-0000-0000-0000-000000000007', 'Mountain Cabin', 'Remote cabin with views.', 'Kumasi', 180),
  ('11111111-1111-1111-1111-111111111104', '00000000-0000-0000-0000-000000000009', 'Studio Flat', 'Perfect for solo travelers.', 'Nairobi', 90),
  ('11111111-1111-1111-1111-111111111105', '00000000-0000-0000-0000-000000000005', 'Family House', 'Large house for families.', 'Johannesburg', 200),
  ('11111111-1111-1111-1111-111111111106', '00000000-0000-0000-0000-000000000007', 'Beach Bungalow', 'Walk to the beach.', 'Mombasa', 120),
  ('11111111-1111-1111-1111-111111111107', '00000000-0000-0000-0000-000000000009', 'Luxury Condo', 'High-rise with city views.', 'Lagos', 300),
  ('11111111-1111-1111-1111-111111111108', '00000000-0000-0000-0000-000000000005', 'Eco Lodge', 'Off-grid eco stay.', 'Takoradi', 110),
  ('11111111-1111-1111-1111-111111111109', '00000000-0000-0000-0000-000000000002', 'Historic Cottage', 'Old-world charm.', 'Cape Coast', 160),
  ('11111111-1111-1111-1111-111111111110', '00000000-0000-0000-0000-000000000007', 'Countryside Villa', 'Quiet and serene.', 'Tamale', 140);

-- BOOKINGS
INSERT INTO bookings (booking_id, property_id, user_id, start_date, end_date, total_price, status)
VALUES
  ('22222222-2222-2222-2222-222222222201', '11111111-1111-1111-1111-111111111101', '00000000-0000-0000-0000-000000000001', '2025-07-01', '2025-07-05', 1000, 'confirmed'),
  ('22222222-2222-2222-2222-222222222202', '11111111-1111-1111-1111-111111111102', '00000000-0000-0000-0000-000000000004', '2025-07-10', '2025-07-12', 300, 'pending'),
  ('22222222-2222-2222-2222-222222222203', '11111111-1111-1111-1111-111111111103', '00000000-0000-0000-0000-000000000006', '2025-08-01', '2025-08-03', 360, 'confirmed'),
  ('22222222-2222-2222-2222-222222222204', '11111111-1111-1111-1111-111111111104', '00000000-0000-0000-0000-000000000008', '2025-08-05', '2025-08-06', 180, 'canceled'),
  ('22222222-2222-2222-2222-222222222205', '11111111-1111-1111-1111-111111111105', '00000000-0000-0000-0000-000000000010', '2025-08-07', '2025-08-10', 600, 'confirmed'),
  ('22222222-2222-2222-2222-222222222206', '11111111-1111-1111-1111-111111111106', '00000000-0000-0000-0000-000000000001', '2025-09-01', '2025-09-05', 480, 'pending'),
  ('22222222-2222-2222-2222-222222222207', '11111111-1111-1111-1111-111111111107', '00000000-0000-0000-0000-000000000004', '2025-09-10', '2025-09-13', 900, 'confirmed'),
  ('22222222-2222-2222-2222-222222222208', '11111111-1111-1111-1111-111111111108', '00000000-0000-0000-0000-000000000006', '2025-10-01', '2025-10-03', 330, 'confirmed'),
  ('22222222-2222-2222-2222-222222222209', '11111111-1111-1111-1111-111111111109', '00000000-0000-0000-0000-000000000008', '2025-10-05', '2025-10-06', 160, 'confirmed'),
  ('22222222-2222-2222-2222-222222222210', '11111111-1111-1111-1111-111111111110', '00000000-0000-0000-0000-000000000010', '2025-11-01', '2025-11-04', 420, 'pending');

-- PAYMENTS
INSERT INTO payments (payment_id, booking_id, amount, payment_method)
VALUES
  ('33333333-3333-3333-3333-333333333301', '22222222-2222-2222-2222-222222222201', 1000, 'credit_card'),
  ('33333333-3333-3333-3333-333333333302', '22222222-2222-2222-2222-222222222203', 360, 'paypal'),
  ('33333333-3333-3333-3333-333333333303', '22222222-2222-2222-2222-222222222205', 600, 'stripe'),
  ('33333333-3333-3333-3333-333333333304', '22222222-2222-2222-2222-222222222207', 900, 'credit_card'),
  ('33333333-3333-3333-3333-333333333305', '22222222-2222-2222-2222-222222222208', 330, 'stripe'),
  ('33333333-3333-3333-3333-333333333306', '22222222-2222-2222-2222-222222222209', 160, 'paypal'),
  ('33333333-3333-3333-3333-333333333307', '22222222-2222-2222-2222-222222222210', 420, 'credit_card'),
  ('33333333-3333-3333-3333-333333333308', '22222222-2222-2222-2222-222222222202', 300, 'credit_card'),
  ('33333333-3333-3333-3333-333333333309', '22222222-2222-2222-2222-222222222204', 180, 'paypal'),
  ('33333333-3333-3333-3333-333333333310', '22222222-2222-2222-2222-222222222206', 480, 'stripe');

-- REVIEWS
INSERT INTO reviews (review_id, property_id, user_id, rating, comment)
VALUES
  ('44444444-4444-4444-4444-444444444401', '11111111-1111-1111-1111-111111111101', '00000000-0000-0000-0000-000000000001', 5, 'Fantastic stay!'),
  ('44444444-4444-4444-4444-444444444402', '11111111-1111-1111-1111-111111111102', '00000000-0000-0000-0000-000000000004', 4, 'Nice location.'),
  ('44444444-4444-4444-4444-444444444403', '11111111-1111-1111-1111-111111111103', '00000000-0000-0000-0000-000000000006', 3, 'A bit too remote.'),
  ('44444444-4444-4444-4444-444444444404', '11111111-1111-1111-1111-111111111104', '00000000-0000-0000-0000-000000000008', 5, 'Perfect for one night.'),
  ('44444444-4444-4444-4444-444444444405', '11111111-1111-1111-1111-111111111105', '00000000-0000-0000-0000-000000000010', 4, 'Spacious and clean.'),
  ('44444444-4444-4444-4444-444444444406', '11111111-1111-1111-1111-111111111106', '00000000-0000-0000-0000-000000000001', 5, 'Beach at your doorstep.'),
  ('44444444-4444-4444-4444-444444444407', '11111111-1111-1111-1111-111111111107', '00000000-0000-0000-0000-000000000004', 4, 'Very elegant.'),
  ('44444444-4444-4444-4444-444444444408', '11111111-1111-1111-1111-111111111108', '00000000-0000-0000-0000-000000000006', 5, 'Loved the eco concept.'),
  ('44444444-4444-4444-4444-444444444409', '11111111-1111-1111-1111-111111111109', '00000000-0000-0000-0000-000000000008', 4, 'Charming cottage.'),
  ('44444444-4444-4444-4444-444444444410', '11111111-1111-1111-1111-111111111110', '00000000-0000-0000-0000-000000000010', 5, 'Very peaceful.');

-- MESSAGES
INSERT INTO messages (message_id, sender_id, recipient_id, message_body)
VALUES
  ('55555555-5555-5555-5555-555555555501', '00000000-0000-0000-0000-000000000001', '00000000-0000-0000-0000-000000000002', 'Is the villa available in July?'),
  ('55555555-5555-5555-5555-555555555502', '00000000-0000-0000-0000-000000000002', '00000000-0000-0000-0000-000000000001', 'Yes, it is.'),
  ('55555555-5555-5555-5555-555555555503', '00000000-0000-0000-0000-000000000004', '00000000-0000-0000-0000-000000000005', 'Can I check in early?'),
  ('55555555-5555-5555-5555-555555555504', '00000000-0000-0000-0000-000000000005', '00000000-0000-0000-0000-000000000004', 'Early check-in is fine.'),
  ('55555555-5555-5555-5555-555555555505', '00000000-0000-0000-0000-000000000006', '00000000-0000-0000-0000-000000000007', 'Is there parking available?'),
  ('55555555-5555-5555-5555-555555555506', '00000000-0000-0000-0000-000000000007', '00000000-0000-0000-0000-000000000006', 'Yes, free parking on site.'),
  ('55555555-5555-5555-5555-555555555507', '00000000-0000-0000-0000-000000000008', '00000000-0000-0000-0000-000000000009', 'Is the apartment pet-friendly?'),
  ('55555555-5555-5555-5555-555555555508', '00000000-0000-0000-0000-000000000009', '00000000-0000-0000-0000-000000000008', 'Yes, pets are welcome.'),
  ('55555555-5555-5555-5555-555555555509', '00000000-0000-0000-0000-000000000010', '00000000-0000-0000-0000-000000000005', 'Do you provide towels?'),
  ('55555555-5555-5555-5555-555555555510', '00000000-0000-0000-0000-000000000005', '00000000-0000-0000-0000-000000000010', 'Yes, fresh towels are included.');
